{
  "count": 2, 
  "results": [
    {
      "id": 1, 
      "modtime": 1503839874, 
      "Ctime": 1503839874, 
      "filepath": "boobs/abcdefgh", 
      "checksum": "ad13865aaceed5f97a94ae7495828241", 
      "accesstime": 1503841088, 
      "timestamp": 1503848670.976743, 
      "size": 48
    }, 
    {
      "id": 2, 
      "modtime": 1503846431, 
      "Ctime": 1503846431, 
      "filepath": "boobs/asnasfnasfasnfas", 
      "checksum": "f67c2bcbfcfa30fccb36f72dca22a817", 
      "accesstime": 1503846438, 
      "timestamp": 1503848671.101052, 
      "size": 12
    }
  ], 
  "meta": {}
}